Question,Answer
How can I better manage my emotional wellbeing?,"To better manage your emotional wellbeing, try engaging in regular self-care activities, developing healthy coping mechanisms, seeking social support, and practicing mindfulness and gratitude."
What self-care activities can improve my emotional wellbeing?,"Self-care activities can include exercise, engaging in hobbies, getting enough sleep, maintaining a balanced diet, spending time in nature, and taking breaks when needed"
How do I identify my emotions better?,"To better identify your emotions, practice mindfulness, reflect on your feelings regularly, and try to put your emotions into words, either by speaking or journaling."
How can I develop healthy coping mechanisms?,"To develop healthy coping mechanisms, try practicing relaxation techniques such as deep breathing, meditation, or progressive muscle relaxation, setting realistic goals, and focusing on problem-solving strategies."
How can I create a support system for my emotional wellbeing?,"To create a support system, foster healthy relationships with friends and family, join support groups or clubs with like-minded individuals, and consider seeking professional help if needed."
How can I improve my self-esteem and self-worth?,"To improve self-esteem and self-worth, focus on your strengths and achievements, practice self-compassion, set realistic goals, and surround yourself with positive influences."
How can I handle stress more effectively?,"To handle stress effectively, practice relaxation techniques, prioritize tasks, set boundaries, engage in physical activity, and seek support from others when needed"
How can I increase my emotional resilience?,"To increase emotional resilience, develop healthy coping strategies, maintain a support network, cultivate optimism, and practice mindfulness and emotional regulation techniques."
How do I know if I need professional help for my emotional wellbeing?,"If you're experiencing persistent emotional distress, struggling to cope with daily life, or having thoughts of self-harm or suicide, it's important to seek professional help from a mental health professional."
How can I practice mindfulness to improve my emotional wellbeing?,"Practice mindfulness through meditation, deep breathing exercises, mindful movement such as yoga, and incorporating mindfulness into daily activities, like eating or walking."
